DATE,SERIES,OPEN,HIGH,LOW,PREV. CLOSE,LTP,CLOSE,VWAP,52W H,52W L,VOLUME,VALUE,NO. OF TRADES
23-Feb-26,EQ,916.5,925.65,915.25,911.85,924.1,923.6,921.17,"2,037.70",901,23270122,"21,43,56,60,334.00",228672
20-Feb-26,EQ,911,917.85,908.4,915.6,913.15,911.85,913.52,"2,037.70",901,22654907,"20,69,58,10,498.85",295931
19-Feb-26,EQ,929,929.2,912.45,924.7,914.3,915.6,918.86,"2,037.70",901,21209234,"19,48,82,60,011.45",297364
18-Feb-26,EQ,923.2,925.5,919.55,925.7,923.7,924.7,922.79,"2,037.70",901,12738702,"11,75,51,17,113.45",217327
17-Feb-26,EQ,923,928.1,918.6,925.8,926.45,925.7,925.32,"2,037.70",901,22599629,"20,91,18,78,079.60",337196
16-Feb-26,EQ,903.9,929.5,902.1,903.9,925.5,925.8,922.18,"2,037.70",901,18806989,"17,34,35,14,574.60",309517
13-Feb-26,EQ,913,928.2,901,920.6,903.9,903.9,912.26,"2,037.70",901,50188359,"45,78,48,29,506.25",361977
12-Feb-26,EQ,927,928.6,918.5,927.1,919.75,920.6,922.37,"2,037.70",905,33872203,"31,24,26,14,792.65",425115
11-Feb-26,EQ,931.25,936,925.3,932.4,926.8,927.1,928.91,"2,037.70",905,24869804,"23,10,17,39,084.15",368828
10-Feb-26,EQ,930,940.9,929.95,937.25,932.6,932.4,933.93,"2,037.70",905,31525385,"29,44,26,15,462.90",408707
09-Feb-26,EQ,945,950,935.35,941.1,938.8,937.25,938.27,"2,037.70",905,23947829,"22,46,95,73,398.45",274371
06-Feb-26,EQ,945,948.1,937.6,949.7,941,941.1,941.73,"2,037.70",905,18120272,"17,06,43,39,108.70",423858
05-Feb-26,EQ,956,956.05,946.7,953.1,949.7,949.7,950.22,"2,037.70",905,28103169,"26,70,43,14,508.90",372775
04-Feb-26,EQ,952.5,957.2,947.95,948.7,949,953.1,952.91,"2,037.70",905,24366770,"23,21,94,30,282.65",251099
03-Feb-26,EQ,983.75,994,945,928.1,947.65,948.7,954.45,"2,037.70",905,50336968,"48,04,39,34,757.85",490165
02-Feb-26,EQ,915,929.8,909.3,922.1,928.1,928.1,924.14,"2,037.70",905,28032106,"25,90,55,16,822.80",387552
01-Feb-26,EQ,932,939.65,912.65,929.25,918.05,922.1,929.2,"2,037.70",905,9856486,"9,15,86,89,990.90",146417
30-Jan-26,EQ,930,938.9,927.75,935.5,929,929.25,931.84,"2,037.70",905,29691233,"27,66,73,70,875.05",251637
29-Jan-26,EQ,930.1,939.3,924.35,932.7,935,935.5,933.24,"2,037.70",905,37175628,"34,69,37,41,736.20",420812
28-Jan-26,EQ,932.5,941.45,928.4,926.4,932.4,932.7,934.95,"2,037.70",905,35347138,"33,04,77,87,224.50",272519
27-Jan-26,EQ,906,931.2,905,916.1,928,926.4,917.11,"2,037.70",905,44753093,"41,04,34,45,636.30",483204
23-Jan-26,EQ,920,926.1,909.25,918.7,915.8,916.1,916.45,"2,037.70",909.25,30985247,"28,39,64,80,018.55",335766
22-Jan-26,EQ,928,928.3,913.2,920.35,921,918.7,918.56,"2,037.70",913.2,44444755,"40,82,53,01,054.65",572341
21-Jan-26,EQ,925,932.15,915.5,931.2,921,920.35,924.64,"2,037.70",915.5,32766854,"30,29,75,28,335.75",351406
20-Jan-26,EQ,929.3,934.5,919.6,927.9,930.5,931.2,930.12,"2,037.70",919.2,36022727,"33,50,55,44,795.30",357134
19-Jan-26,EQ,935.9,936.15,919.5,931.1,925.95,927.9,927.58,"2,037.70",919.2,38191942,"35,42,60,72,965.65",432335
16-Jan-26,EQ,922,935.95,919.2,925.45,930.55,931.1,929.18,"2,037.70",919.2,37780235,"35,10,44,52,366.25",361119
14-Jan-26,EQ,930,940.05,920.2,937.35,925,925.45,929.85,"2,037.70",920.2,36688248,"34,11,44,24,012.75",306076
13-Jan-26,EQ,947.7,947.7,932.6,936.95,934.75,937.35,940.27,"2,037.70",929.6,32042827,"30,12,90,21,006.45",348726
12-Jan-26,EQ,937.5,942,929.6,939,936.4,936.95,936.87,"2,037.70",929.6,21071666,"19,74,13,46,998.05",282222
09-Jan-26,EQ,945,950.6,933.3,946.7,939,939,940.91,"2,037.70",933.3,38183839,"35,92,75,36,459.55",324301
08-Jan-26,EQ,944.7,953,941.4,949.05,948,946.7,947.59,"2,037.70",939.1,21928849,"20,77,96,38,865.45",316595
07-Jan-26,EQ,956,956.45,946,962.2,950.25,949.05,950.1,"2,037.70",939.1,52884712,"50,24,57,38,779.65",414168
06-Jan-26,EQ,962.7,966.7,956,977.5,962.95,962.2,962.45,"2,037.70",939.1,31988783,"30,78,75,69,132.70",459604
05-Jan-26,EQ,"1,005.75","1,006.40",976.3,"1,001.60",978.5,977.5,984.33,"2,037.70",939.1,27647379,"27,21,41,19,283.50",382990
02-Jan-26,EQ,991.15,"1,003.20",988.8,991.15,"1,000.25","1,001.60",998.46,"2,037.70",939.1,11751459,"11,73,33,33,129.85",178613
01-Jan-26,EQ,993.5,997.55,989.5,991.2,991.15,991.15,991.88,"2,037.70",939.1,7132074,"7,07,41,47,525.95",126886
31-Dec-25,EQ,991,997.6,987.6,990.9,992.9,991.2,992.61,"2,037.70",939.1,10963454,"10,88,24,83,821.40",193549
30-Dec-25,EQ,990.2,995,982.2,991.7,995,990.9,989.16,"2,037.70",939.1,33155849,"32,79,62,79,701.40",393869
29-Dec-25,EQ,993.1,997.4,987.2,992.1,992.8,991.7,991.31,"2,037.70",939.1,13545749,"13,42,79,99,756.00",190711
26-Dec-25,EQ,996,997.2,987.7,997.2,992,992.1,992.32,"2,037.70",939.1,9360853,"9,28,89,52,052.70",196688
24-Dec-25,EQ,993,999.4,993,996.6,995.3,997.2,996.34,"2,037.70",939.1,13699996,"13,64,98,27,358.40",203107
23-Dec-25,EQ,990.5,998.9,987.7,987.7,997,996.6,994.81,"2,037.70",939.1,17927849,"17,83,48,64,449.30",227121
22-Dec-25,EQ,988,992.9,983.9,985.5,987.2,987.7,987.63,"2,037.70",939.1,13540411,"13,37,28,75,582.70",253393
19-Dec-25,EQ,987,988,978.7,979.7,985.2,985.5,984.91,"2,037.70",939.1,25952384,"25,56,06,67,946.00",246675
18-Dec-25,EQ,973.3,987.4,973.3,984,980,979.7,981.48,"2,037.70",939.1,14912404,"14,63,61,96,743.00",412559
17-Dec-25,EQ,996,996,980.8,994.3,985.2,984,985.22,"2,037.70",939.1,19080922,"18,79,88,80,243.80",288605
16-Dec-25,EQ,990.1,998.7,990.1,996.1,994.2,994.3,994.74,"2,037.70",939.1,20049088,"19,94,36,98,733.60",307140
15-Dec-25,EQ,992,"1,001.80",992,"1,001.50",995,996.1,995.95,"2,037.70",939.1,9790060,"9,75,03,88,373.60",182612
12-Dec-25,EQ,"1,003.00","1,004.70",998.2,"1,000.30","1,002.90","1,001.50","1,001.52","2,037.70",939.1,11988618,"12,00,68,83,854.10",153825
11-Dec-25,EQ,990,"1,002.70",988.5,989.8,999.9,"1,000.30",996.96,"2,037.70",939.1,11844809,"11,80,88,32,354.30",177935
10-Dec-25,EQ,997.5,998.5,985.3,997.1,990.4,989.8,990.9,"2,037.70",939.1,15322830,"15,18,34,09,188.40",275347
09-Dec-25,EQ,994.9,"1,002.80",994,"1,003.10",997,997.1,998.68,"2,037.70",939.1,15294322,"15,27,41,86,067.40",206598
08-Dec-25,EQ,"1,000.00","1,006.50",997.5,"1,003.30","1,001.80","1,003.10","1,002.21","2,037.70",939.1,12901022,"12,92,94,80,947.90",219872
05-Dec-25,EQ,992,"1,008.00",990.2,997.2,"1,001.20","1,003.30","1,000.86","2,037.70",939.1,12843366,"12,85,43,50,197.30",192024
04-Dec-25,EQ,"1,000.00","1,004.70",993,"1,000.50",998.5,997.2,998.28,"2,037.70",939.1,14528169,"14,50,32,48,744.00",241847
03-Dec-25,EQ,986,"1,002.30",986,989.8,"1,000.10","1,000.50",993.84,"2,037.70",939.1,15448777,"15,35,36,18,863.90",222651
02-Dec-25,EQ,988,994.4,985,"1,002.10",991.4,989.8,990.24,"2,037.70",939.1,27316662,"27,05,01,86,723.20",363303
01-Dec-25,EQ,"1,017.50","1,017.50",999.3,"1,007.60","1,002.90","1,002.10","1,005.66","2,037.70",939.1,16746566,"16,84,13,29,243.20",282719
28-Nov-25,EQ,"1,007.00","1,012.05","1,004.20","1,009.50","1,006.70","1,007.60","1,008.93","2,037.70",939.1,15988807,"16,13,15,18,093.40",178196
27-Nov-25,EQ,"1,002.10","1,016.80","1,001.00","1,003.90","1,009.05","1,009.50","1,010.95","2,037.70",939.1,25536848,"25,81,63,56,116.10",313073
26-Nov-25,EQ,981.3,"1,006.95",981.3,989.8,"1,005.00","1,003.90",999.58,"2,037.70",939.1,19494356,"19,48,61,97,443.70",207998
25-Nov-25,EQ,"1,004.00","1,006.10",988.4,999.15,989.45,989.8,995.08,"2,037.70",939.1,24989383,"24,86,65,05,641.80",275451
24-Nov-25,EQ,"1,000.00","1,011.45",993.6,998.05,997.85,999.15,"1,001.79","2,037.70",939.1,32204053,"32,26,16,18,761.75",280226
21-Nov-25,EQ,"1,003.10","1,008.30",996.55,"1,008.85",998,998.05,"1,001.07","2,037.70",939.1,17499897,"17,51,86,94,760.00",271649
20-Nov-25,EQ,995.3,"1,011.60",992.45,994.6,"1,008.60","1,008.85","1,003.81","2,037.70",939.1,19850865,"19,92,64,17,239.25",254686
19-Nov-25,EQ,990,996.55,984,992.45,994.8,994.6,989.67,"2,037.70",939.1,19813847,"19,60,91,99,278.35",201324
18-Nov-25,EQ,997.65,999,990,996.55,990.85,992.45,994.68,"2,037.70",939.1,20002640,"19,89,62,87,879.55",217914
17-Nov-25,EQ,991.25,997.95,985.6,989.6,996.45,996.55,993.87,"2,037.70",939.1,18396408,"18,28,36,67,280.45",197155
14-Nov-25,EQ,976.05,991.65,976.05,986.65,989,989.6,984.95,"2,037.70",939.1,21386965,"21,06,50,33,481.45",301431
13-Nov-25,EQ,984,990.1,982.6,989.5,985.75,986.65,986.34,"2,037.70",939.1,14124839,"13,93,18,55,903.95",289471
12-Nov-25,EQ,998.8,999,987.7,991.7,990.25,989.5,992.14,"2,037.70",939.1,13137263,"13,03,40,39,694.95",166500
11-Nov-25,EQ,983.5,993.5,978,984.5,992,991.7,987.26,"2,037.70",939.1,10200530,"10,07,05,24,484.25",229810
10-Nov-25,EQ,982.3,990.95,980.2,982.3,984.6,984.5,986.19,"2,037.70",939.1,15988262,"15,76,73,86,584.00",373004
07-Nov-25,EQ,980,984.9,974.75,984.65,984.3,982.3,979.96,"2,037.70",939.1,15004568,"14,70,38,32,279.80",315369
06-Nov-25,EQ,981,991.05,974,985.25,987.5,984.65,984.48,"2,037.70",939.1,22279516,"21,93,38,18,395.90",278532
04-Nov-25,EQ,987,997,983.7,992.65,985.7,985.25,990.21,"2,037.70",939.1,20024544,"19,82,85,27,608.75",302828
03-Nov-25,EQ,985,994.55,983.3,987.3,993.4,992.65,991.15,"2,037.70",939.1,16607180,"16,46,02,36,700.55",288032
31-Oct-25,EQ,994,"1,004.45",981.15,998.15,987.95,987.3,989.37,"2,037.70",939.1,23221330,"22,97,45,58,984.15",454775
30-Oct-25,EQ,"1,000.00","1,009.50",997.1,"1,007.85",999.95,998.15,"1,001.53","2,037.70",939.1,19962917,"19,99,35,06,579.25",365104
29-Oct-25,EQ,"1,004.90","1,012.50","1,000.00","1,003.55","1,008.50","1,007.85","1,007.89","2,037.70",939.1,17769445,"17,90,96,76,109.65",281715
28-Oct-25,EQ,997.65,"1,008.00",995,"1,002.95","1,004.90","1,003.55","1,001.18","2,037.70",939.1,33904289,"33,94,41,77,651.40",423621
27-Oct-25,EQ,996.5,"1,009.05",996.2,994.75,"1,003.50","1,002.95","1,003.92","2,037.70",939.1,15700796,"15,76,22,65,430.25",297938
24-Oct-25,EQ,"1,011.00","1,011.95",991.3,"1,008.80",995.9,994.75,999.4,"2,037.70",939.1,17707768,"17,69,70,89,817.30",362016
23-Oct-25,EQ,"1,016.00","1,020.50","1,006.00","1,007.70","1,006.60","1,008.80","1,013.19","2,037.70",939.1,43526526,"44,10,04,30,667.15",518216
21-Oct-25,EQ,"1,006.00","1,010.00","1,004.00","1,002.95","1,004.00","1,007.70","1,008.15","2,037.70",939.1,3471600,"3,49,99,06,215.35",88749
20-Oct-25,EQ,997,"1,020.00",997,"1,002.55","1,003.60","1,002.95","1,005.08","2,037.70",939.1,22195202,"22,30,79,32,790.70",416206
17-Oct-25,EQ,993.95,"1,009.00",986,994.35,"1,000.60","1,002.55","1,001.76","2,037.70",939.1,25210511,"25,25,47,61,309.80",371430
16-Oct-25,EQ,982.65,996.6,981.5,978.25,993.6,994.35,989.28,"2,037.70",939.1,22936566,"22,69,06,15,843.35",362882
15-Oct-25,EQ,975,984.9,973.35,977.15,978.5,978.25,979.29,"2,037.70",939.1,23310447,"22,82,77,42,875.95",251500
14-Oct-25,EQ,970,980.45,967,977,976.25,977.15,975.43,"2,037.70",939.1,22934382,"22,37,09,80,681.75",217173
13-Oct-25,EQ,974.3,981,972,980.9,977.1,977,977.15,"2,037.70",939.1,18634254,"18,20,84,00,781.70",280003
10-Oct-25,EQ,979,986.2,978.1,977.1,981.45,980.9,982.56,"2,037.70",939.1,13757080,"13,51,71,76,056.05",237034
09-Oct-25,EQ,974.5,979,970.15,978.7,975,977.1,976,"2,037.70",939.1,15370950,"15,00,19,96,973.25",213008
08-Oct-25,EQ,976,985.9,974.55,982.5,977.2,978.7,979.57,"2,037.70",939.1,15939710,"15,61,39,97,664.15",209764
07-Oct-25,EQ,974,989.85,971,973.45,981.8,982.5,983.54,"2,037.70",939.1,25535736,"25,11,54,33,186.60",246182
06-Oct-25,EQ,971.9,977.4,962,965.15,973.9,973.45,973.33,"2,037.70",939.1,18542683,"18,04,81,85,820.20",242243
03-Oct-25,EQ,952,966.75,952,965.25,963.7,965.15,960.81,"2,037.70",939.1,26658296,"25,61,34,77,189.50",262320
01-Oct-25,EQ,952.7,969.6,946,951,965.8,965.25,961.75,"2,037.70",939.1,25350832,"24,38,10,70,597.70",284713
30-Sep-25,EQ,958.05,960,946.3,950.3,952.5,951,951.48,"2,037.70",939.1,28296687,"26,92,36,71,201.95",254597
29-Sep-25,EQ,946.05,956.8,939.1,945.05,953.4,950.3,950.17,"2,037.70",939.1,32398179,"30,78,38,88,581.80",296694
26-Sep-25,EQ,945.1,951.45,941.3,949.85,944.25,945.05,945.96,"2,037.70",940,14874656,"14,07,07,86,048.15",209563
25-Sep-25,EQ,952.5,958,947.4,951.05,951.2,949.85,952.03,"2,037.70",940,31413279,"29,90,63,81,362.70",256060
24-Sep-25,EQ,952.2,956.45,943,957.2,951,951.05,949.21,"2,037.70",940,15117220,"14,34,94,11,269.75",248417
23-Sep-25,EQ,967,968.2,955.5,964.2,958.45,957.2,960.1,"2,037.70",940,21022298,"20,18,34,27,172.90",190721
22-Sep-25,EQ,964,971.2,961.95,966.9,965.4,964.2,966.4,"2,037.70",940,10854415,"10,48,97,24,995.75",139126
19-Sep-25,EQ,974.9,976.7,962.1,976.9,967,966.9,967.22,"2,037.70",940,31243267,"30,21,92,30,008.15",220137
18-Sep-25,EQ,973.3,979.65,969.25,966.5,976,976.9,974.66,"2,037.70",940,17791598,"17,34,08,47,521.60",267040
17-Sep-25,EQ,965.15,974.4,964.35,966.85,967,966.5,968.39,"2,037.70",940,17361476,"16,81,26,55,777.90",269236
16-Sep-25,EQ,961.2,969.35,961.2,967.05,966.3,966.85,966.32,"2,037.70",940,18661794,"18,03,32,79,292.75",201920
15-Sep-25,EQ,969.6,972.35,965,967.3,966.1,967.05,968.58,"2,037.70",940,14486377,"14,03,12,09,535.60",198502
12-Sep-25,EQ,969.9,970.75,962.25,967.8,966.9,967.3,966.65,"2,037.70",940,14363519,"13,88,44,30,847.50",265851
11-Sep-25,EQ,960.3,969.25,959.9,965.9,966.5,967.8,965.95,"2,037.70",940,15113633,"14,59,89,45,433.15",220801
10-Sep-25,EQ,973.9,973.9,961.7,965.15,965.5,965.9,966.21,"2,037.70",940,18091100,"17,47,97,79,505.30",218336
09-Sep-25,EQ,974,974.4,962.7,966,966.45,965.15,967.81,"2,037.70",940,13985539,"13,53,53,96,477.20",181800
08-Sep-25,EQ,969,973.15,960.45,963.4,967.35,966,967.58,"2,037.70",940,11711307,"11,33,16,77,355.70",193535
05-Sep-25,EQ,967.5,967.5,954.05,961.25,962.6,963.4,960.7,"2,037.70",940,11602111,"11,14,62,02,039.65",210037
04-Sep-25,EQ,960.2,965.7,956.25,954.45,960.95,961.25,961.34,"2,037.70",940,17597657,"16,91,73,00,954.60",212281
03-Sep-25,EQ,945,956.3,940,944.5,953.95,954.45,947.66,"2,037.70",940,16083481,"15,24,17,46,460.65",288240
02-Sep-25,EQ,951,954.8,944,950.6,944.7,944.5,948.8,"2,037.70",944,14196320,"13,46,94,17,784.70",343637
01-Sep-25,EQ,949.6,957.45,946.35,951.6,950.8,950.6,950.62,"2,037.70",946.35,20178344,"19,18,19,19,082.15",410933
29-Aug-25,EQ,954,963.3,950.1,957.8,953.4,951.6,955.24,"2,037.70",950.1,14823813,"14,16,03,14,228.10",260839
28-Aug-25,EQ,967,972.2,955,973.4,961.8,957.8,962.09,"2,037.70",955,25438255,"24,47,38,86,027.80",377835
26-Aug-25,EQ,979.5,985.7,968,"1,964.10",972.3,973.4,973.26,"2,037.70",968,16917731,"16,46,54,10,030.90",296302
25-Aug-25,EQ,"1,960.20","1,977.40","1,957.00","1,964.60","1,969.20","1,964.10","1,967.27","2,037.70","1,613.00",8759022,"17,23,13,88,424.40",217503
22-Aug-25,EQ,"1,989.90","1,996.00","1,957.10","1,991.20","1,965.50","1,964.60","1,968.66","2,037.70","1,613.00",9916751,"19,52,27,14,269.10",253318
21-Aug-25,EQ,"1,997.50","1,997.50","1,983.20","1,988.20","1,990.50","1,991.20","1,991.62","2,037.70","1,613.00",6219925,"12,38,77,22,464.00",160599
20-Aug-25,EQ,"1,987.00","1,992.00","1,979.00","1,991.10","1,988.30","1,988.20","1,985.13","2,037.70","1,613.00",4975114,"9,87,62,63,155.30",173424
19-Aug-25,EQ,"1,998.30","2,006.10","1,986.70","2,003.60","1,990.00","1,991.10","1,995.49","2,037.70","1,613.00",6176219,"12,32,45,74,114.90",170899
18-Aug-25,EQ,"2,010.00","2,026.60","1,995.60","1,991.10","2,005.00","2,003.60","2,008.73","2,037.70","1,613.00",9642398,"19,36,89,89,917.90",220027
14-Aug-25,EQ,"1,978.00","1,996.00","1,971.20","1,980.30","1,989.50","1,991.10","1,990.18","2,037.70","1,601.15",8755858,"17,42,57,42,818.70",174342
13-Aug-25,EQ,"1,994.00","1,994.00","1,969.10","1,969.90","1,979.90","1,980.30","1,977.14","2,037.70","1,601.15",6788698,"13,42,21,76,534.10",177703
12-Aug-25,EQ,"1,991.90","1,996.00","1,967.50","1,995.60","1,969.70","1,969.90","1,978.54","2,037.70","1,601.15",6468901,"12,79,89,99,218.20",237925
11-Aug-25,EQ,"1,975.90","1,997.60","1,973.10","1,973.90","1,992.00","1,995.60","1,986.89","2,037.70","1,601.15",4552927,"9,04,61,55,578.70",165998
08-Aug-25,EQ,"1,987.10","1,992.80","1,970.00","1,995.40","1,972.00","1,973.90","1,978.99","2,037.70","1,593.30",6947632,"13,74,92,88,126.40",178320
07-Aug-25,EQ,"1,980.10","2,001.60","1,976.80","1,985.30","1,998.00","1,995.40","1,986.09","2,037.70","1,593.30",6540593,"12,99,02,37,207.70",223527
06-Aug-25,EQ,"1,971.10","1,988.00","1,970.00","1,977.60","1,987.00","1,985.30","1,978.39","2,037.70","1,593.30",7040102,"13,92,80,74,705.90",211058
05-Aug-25,EQ,"1,986.50","1,994.40","1,965.50","1,992.00","1,981.00","1,977.60","1,975.61","2,037.70","1,593.30",11989029,"23,68,56,33,703.60",194332
04-Aug-25,EQ,"2,010.10","2,018.50","1,988.10","2,012.20","1,994.40","1,992.00","1,997.96","2,037.70","1,593.30",6966973,"13,91,97,56,957.20",248150
01-Aug-25,EQ,"2,014.00","2,028.30","2,009.30","2,018.20","2,016.90","2,012.20","2,015.24","2,037.70","1,593.30",5658629,"11,40,34,73,962.30",138595
31-Jul-25,EQ,"2,014.60","2,031.40","2,008.00","2,025.80","2,018.00","2,018.20","2,020.81","2,037.70","1,593.30",11091516,"22,41,37,95,872.20",199191
30-Jul-25,EQ,"2,028.00","2,032.60","2,017.00","2,021.60","2,025.90","2,025.80","2,023.94","2,037.70","1,593.30",7577018,"15,33,54,57,713.70",152763
29-Jul-25,EQ,"1,999.90","2,026.50","1,996.30","2,008.50","2,023.00","2,021.60","2,015.07","2,037.70","1,593.30",9947848,"20,04,56,35,384.90",234546
28-Jul-25,EQ,"2,003.00","2,021.40","2,000.50","2,004.60","2,009.90","2,008.50","2,011.08","2,037.70","1,593.30",6029790,"12,12,64,12,272.80",219624
25-Jul-25,EQ,"2,015.00","2,015.00","1,999.00","2,014.20","2,005.00","2,004.60","2,005.63","2,037.70","1,588.05",4653299,"9,33,28,02,398.80",163735
24-Jul-25,EQ,"2,037.70","2,037.70","2,008.40","2,024.30","2,011.70","2,014.20","2,019.12","2,037.70","1,588.05",9553588,"19,28,98,76,404.20",183573
23-Jul-25,EQ,"2,011.00","2,029.80","2,003.00","2,007.10","2,024.50","2,024.30","2,019.97","2,029.80","1,588.05",6817458,"13,77,10,89,884.70",191989
22-Jul-25,EQ,"2,013.10","2,018.00","2,003.00","2,000.50","2,005.00","2,007.10","2,009.05","2,027.10","1,588.05",7418407,"14,90,39,39,836.30",226727
21-Jul-25,EQ,"1,978.20","2,002.00","1,976.50","1,957.40","2,001.50","2,000.50","1,993.45","2,027.10","1,588.05",11154539,"22,23,60,41,336.40",275691
18-Jul-25,EQ,"1,986.90","1,997.00","1,953.00","1,986.90","1,956.00","1,957.40","1,968.80","2,027.10","1,588.05",8064723,"15,87,78,08,287.50",221823
17-Jul-25,EQ,"2,004.00","2,004.80","1,982.70","1,996.30","1,986.00","1,986.90","1,991.85","2,027.10","1,588.05",11264579,"22,43,74,06,105.60",256020
16-Jul-25,EQ,"2,018.00","2,022.70","1,992.60","1,995.50","1,996.00","1,996.30","2,005.54","2,027.10","1,588.05",8997306,"18,04,44,32,313.40",216845
15-Jul-25,EQ,"1,973.00","2,003.60","1,973.00","1,983.00","1,998.00","1,995.50","1,993.02","2,027.10","1,588.05",7249084,"14,44,75,99,382.10",157806
14-Jul-25,EQ,"1,983.00","1,988.70","1,970.60","1,983.70","1,982.90","1,983.00","1,978.80","2,027.10","1,588.05",6544425,"12,95,00,97,345.90",132854
11-Jul-25,EQ,"1,998.00","2,004.80","1,980.90","2,006.20","1,983.00","1,983.70","1,987.41","2,027.10","1,588.05",6258461,"12,43,81,53,798.20",125871
10-Jul-25,EQ,"2,016.00","2,017.00","2,000.00","2,011.20","2,002.80","2,006.20","2,008.54","2,027.10","1,588.05",8515155,"17,10,30,52,403.80",184619
09-Jul-25,EQ,"2,007.00","2,013.80","1,998.10","2,001.40","2,008.50","2,011.20","2,007.10","2,027.10","1,588.05",6930714,"13,91,06,45,549.40",151284
08-Jul-25,EQ,"1,977.00","2,005.00","1,977.00","1,987.40","1,999.40","2,001.40","1,992.88","2,027.10","1,588.05",7612158,"15,17,00,95,365.50",199823
07-Jul-25,EQ,"1,989.00","1,998.40","1,983.80","1,989.30","1,985.50","1,987.40","1,989.37","2,027.10","1,588.05",5674713,"11,28,90,78,543.00",163393
04-Jul-25,EQ,"1,987.10","2,003.50","1,980.00","1,987.10","1,992.70","1,989.30","1,987.51","2,027.10","1,588.05",3931972,"7,81,48,32,915.60",150676
03-Jul-25,EQ,"1,994.90","2,008.00","1,984.30","1,986.00","1,985.90","1,987.10","1,993.22","2,027.10","1,588.05",8430253,"16,80,33,71,805.60",182242
02-Jul-25,EQ,"2,019.90","2,019.90","1,977.90","2,012.10","1,985.50","1,986.00","1,990.25","2,027.10","1,588.05",9439125,"18,78,62,19,250.60",268429
01-Jul-25,EQ,"2,005.00","2,016.00","2,004.00","2,001.50","2,011.10","2,012.10","2,010.15","2,027.10","1,588.05",7194693,"14,46,24,21,818.60",169976
30-Jun-25,EQ,"2,011.50","2,013.80","1,995.50","2,014.90","2,000.00","2,001.50","2,001.16","2,027.10","1,588.05",6824510,"13,65,69,39,181.00",199780
27-Jun-25,EQ,"2,013.00","2,019.80","1,993.40","2,021.80","2,011.50","2,014.90","2,011.75","2,027.10","1,588.05",14106692,"28,37,90,71,385.70",226961
26-Jun-25,EQ,"1,981.40","2,027.10","1,980.00","1,980.20","2,017.70","2,021.80","2,011.21","2,027.10","1,588.05",25042415,"50,36,56,56,414.50",343662
25-Jun-25,EQ,"1,966.00","1,982.00","1,963.90","1,960.90","1,980.00","1,980.20","1,977.13","1,996.30","1,588.05",9202966,"18,19,54,46,515.70",206190
24-Jun-25,EQ,"1,965.00","1,979.00","1,955.60","1,948.40","1,963.70","1,960.90","1,964.12","1,996.30","1,588.05",11312661,"22,21,94,42,191.50",231814
23-Jun-25,EQ,"1,948.40","1,957.90","1,941.80","1,964.70","1,948.10","1,948.40","1,948.19","1,996.30","1,588.05",5869759,"11,43,53,95,881.10",176324
20-Jun-25,EQ,"1,931.60","1,969.90","1,931.60","1,935.30","1,963.10","1,964.70","1,960.39","1,996.30","1,588.05",16450204,"32,24,88,39,586.40",261970
19-Jun-25,EQ,"1,933.90","1,946.80","1,925.60","1,933.90","1,933.10","1,935.30","1,937.61","1,996.30","1,588.05",8438110,"16,34,97,32,658.70",202215
18-Jun-25,EQ,"1,917.00","1,936.30","1,917.00","1,929.60","1,932.50","1,933.90","1,928.12","1,996.30","1,588.05",9216908,"17,77,13,02,525.40",251910
17-Jun-25,EQ,"1,937.00","1,941.60","1,919.10","1,935.40","1,926.00","1,929.60","1,927.55","1,996.30","1,588.05",8489368,"16,36,36,91,276.80",219738
16-Jun-25,EQ,"1,924.00","1,938.90","1,920.10","1,917.60","1,936.90","1,935.40","1,933.31","1,996.30","1,588.05",8256873,"15,96,31,22,374.70",199177
13-Jun-25,EQ,"1,920.00","1,933.00","1,913.00","1,943.40","1,919.50","1,917.60","1,920.08","1,996.30","1,552.20",6058881,"11,63,35,22,704.60",187789
12-Jun-25,EQ,"1,950.00","1,961.00","1,935.30","1,950.40","1,940.00","1,943.40","1,945.18","1,996.30","1,552.20",8174565,"15,90,10,14,848.90",179174
11-Jun-25,EQ,"1,967.60","1,967.60","1,947.00","1,965.30","1,947.90","1,950.40","1,956.28","1,996.30","1,552.20",5548197,"10,85,38,32,767.00",181762
10-Jun-25,EQ,"1,982.80","1,982.80","1,961.10","1,978.90","1,962.80","1,965.30","1,967.94","1,996.30","1,552.20",7766563,"15,28,41,54,944.50",281306
09-Jun-25,EQ,"1,995.00","1,995.00","1,975.90","1,978.70","1,980.10","1,978.90","1,982.15","1,996.30","1,552.20",6601294,"13,08,47,80,209.80",203285
06-Jun-25,EQ,"1,944.00","1,996.30","1,942.70","1,949.60","1,978.00","1,978.70","1,976.03","1,996.30","1,454.00",15063504,"29,76,59,91,590.30",354572
05-Jun-25,EQ,"1,948.00","1,958.90","1,940.20","1,941.20","1,952.00","1,949.60","1,950.15","1,978.90","1,454.00",11127709,"21,70,06,98,216.20",216860
04-Jun-25,EQ,"1,921.00","1,943.30","1,920.90","1,924.60","1,939.50","1,941.20","1,935.52","1,978.90","1,454.00",6480771,"12,54,36,93,178.60",205372
03-Jun-25,EQ,"1,938.00","1,952.00","1,920.00","1,932.10","1,923.50","1,924.60","1,933.85","1,978.90","1,454.00",12188792,"23,57,13,32,796.70",202204
02-Jun-25,EQ,"1,930.10","1,936.00","1,908.00","1,944.90","1,931.00","1,932.10","1,924.65","1,978.90","1,454.00",7334411,"14,11,61,52,681.30",202297
30-May-25,EQ,"1,931.90","1,948.80","1,925.40","1,927.50","1,941.50","1,944.90","1,939.36","1,978.90","1,454.00",14374039,"27,87,63,95,261.10",152055
29-May-25,EQ,"1,928.00","1,940.80","1,907.30","1,923.50","1,937.60","1,927.50","1,921.28","1,978.90","1,454.00",14458897,"27,77,95,60,938.60",215462
28-May-25,EQ,"1,920.20","1,934.50","1,917.70","1,926.30","1,928.40","1,923.50","1,922.92","1,978.90","1,454.00",9078797,"17,45,78,06,722.10",179687
27-May-25,EQ,"1,931.60","1,948.00","1,916.30","1,940.20","1,926.80","1,926.30","1,927.12","1,978.90","1,454.00",13081074,"25,20,87,51,300.70",202672
26-May-25,EQ,"1,935.00","1,949.90","1,926.90","1,933.60","1,940.30","1,940.20","1,939.47","1,978.90","1,454.00",5401430,"10,47,59,11,940.90",201842
23-May-25,EQ,"1,920.10","1,937.00","1,914.50","1,919.90","1,933.50","1,933.60","1,929.98","1,978.90","1,448.15",4783036,"9,23,11,50,800.40",116301
22-May-25,EQ,"1,915.20","1,924.20","1,905.20","1,926.80","1,924.00","1,919.90","1,914.84","1,978.90","1,448.15",10653335,"20,39,94,11,133.40",255429
21-May-25,EQ,"1,927.00","1,946.90","1,921.10","1,914.90","1,925.20","1,926.80","1,930.42","1,978.90","1,448.15",7566020,"14,60,55,82,585.70",205548
20-May-25,EQ,"1,928.10","1,934.60","1,913.00","1,938.70","1,917.10","1,914.90","1,918.55","1,978.90","1,448.15",11939545,"22,90,66,55,882.10",176524
19-May-25,EQ,"1,937.00","1,945.00","1,931.00","1,934.70","1,937.10","1,938.70","1,938.13","1,978.90","1,448.15",5101482,"9,88,73,38,159.20",156815
16-May-25,EQ,"1,933.80","1,943.80","1,928.40","1,933.80","1,934.50","1,934.70","1,933.50","1,978.90","1,430.30",7934005,"15,34,04,26,257.00",175140
15-May-25,EQ,"1,913.50","1,944.80","1,897.00","1,910.60","1,933.80","1,933.80","1,923.01","1,978.90","1,430.30",16120729,"31,00,03,29,957.90",224596
14-May-25,EQ,"1,922.10","1,930.20","1,903.00","1,922.60","1,913.50","1,910.60","1,914.76","1,978.90","1,430.30",7722654,"14,78,70,00,374.50",189542
13-May-25,EQ,"1,950.00","1,961.70","1,920.00","1,957.20","1,924.90","1,922.60","1,930.60","1,978.90","1,430.30",12121051,"23,40,09,36,924.40",234495
12-May-25,EQ,"1,917.60","1,959.90","1,912.30","1,889.70","1,956.40","1,957.20","1,948.86","1,978.90","1,430.30",9309486,"18,14,28,65,391.20",207249
09-May-25,EQ,"1,910.10","1,919.00","1,886.80","1,928.50","1,893.30","1,889.70","1,894.97","1,978.90","1,426.80",8594398,"16,28,61,44,558.60",292155
08-May-25,EQ,"1,954.80","1,954.80","1,919.10","1,945.60","1,921.50","1,928.50","1,933.80","1,978.90","1,426.80",17401715,"33,65,14,32,174.30",280256
07-May-25,EQ,"1,934.00","1,948.70","1,922.40","1,931.70","1,945.00","1,945.60","1,939.91","1,978.90","1,426.80",10710389,"20,77,71,45,511.00",178998
06-May-25,EQ,"1,930.00","1,940.10","1,924.30","1,936.80","1,928.60","1,931.70","1,931.89","1,978.90","1,426.80",8745078,"16,89,44,88,689.10",140830
05-May-25,EQ,"1,939.00","1,952.00","1,932.30","1,925.00","1,935.80","1,936.80","1,940.79","1,978.90","1,426.80",7534012,"14,62,19,40,034.00",160044
02-May-25,EQ,"1,929.80","1,941.90","1,920.00","1,925.00","1,923.50","1,925.00","1,930.63","1,978.90","1,426.80",11406024,"22,02,08,20,771.50",236285
30-Apr-25,EQ,"1,913.00","1,936.90","1,910.30","1,908.80","1,920.10","1,925.00","1,925.02","1,978.90","1,426.80",15968435,"30,73,94,92,241.20",275126
29-Apr-25,EQ,"1,918.80","1,928.80","1,900.20","1,920.20","1,906.00","1,908.80","1,909.52","1,978.90","1,426.80",9459154,"18,06,24,38,512.30",186299
28-Apr-25,EQ,"1,911.20","1,929.70","1,908.40","1,911.20","1,921.00","1,920.20","1,922.17","1,978.90","1,426.80",6960246,"13,37,87,45,824.70",155527
25-Apr-25,EQ,"1,924.80","1,933.00","1,891.80","1,916.80","1,908.00","1,911.20","1,911.37","1,978.90","1,426.80",9250439,"17,68,10,17,343.80",201781
24-Apr-25,EQ,"1,910.00","1,923.90","1,905.10","1,923.90","1,914.90","1,916.80","1,916.73","1,978.90","1,426.80",12965877,"24,85,20,91,752.80",227034
23-Apr-25,EQ,"1,978.90","1,978.90","1,920.50","1,961.70","1,920.70","1,923.90","1,939.04","1,978.90","1,426.80",15285321,"29,63,89,23,676.10",247823
22-Apr-25,EQ,"1,935.00","1,970.60","1,935.00","1,927.10","1,960.00","1,961.70","1,957.16","1,970.60","1,426.80",22980875,"44,97,72,15,852.40",512026
21-Apr-25,EQ,"1,924.00","1,950.70","1,910.00","1,906.70","1,925.20","1,927.10","1,930.83","1,950.70","1,426.80",17123649,"33,06,28,32,499.30",411337
17-Apr-25,EQ,"1,882.00","1,919.70","1,876.70","1,878.00","1,905.80","1,906.70","1,901.41","1,919.70","1,426.80",17851542,"33,94,31,68,763.20",394807
16-Apr-25,EQ,"1,883.80","1,883.80","1,860.50","1,864.90","1,875.90","1,878.00","1,874.15","1,883.80","1,426.80",9568410,"17,93,26,65,363.90",252887
15-Apr-25,EQ,"1,865.00","1,876.80","1,855.00","1,806.75","1,865.60","1,864.90","1,866.76","1,880.00","1,426.80",24649172,"46,01,41,08,976.00",360194
11-Apr-25,EQ,"1,774.75","1,819.40","1,774.75","1,765.00","1,805.20","1,806.75","1,803.31","1,880.00","1,426.80",16387883,"29,55,24,99,474.85",395826
09-Apr-25,EQ,"1,765.00","1,775.00","1,753.50","1,769.15","1,765.30","1,765.00","1,761.66","1,880.00","1,426.80",11227304,"19,77,87,28,957.55",207950
08-Apr-25,EQ,"1,765.00","1,782.00","1,750.30","1,757.70","1,770.15","1,769.15","1,769.16","1,880.00","1,426.80",17781936,"31,45,90,03,790.15",355184
07-Apr-25,EQ,"1,762.80","1,779.85","1,738.20","1,817.30","1,760.05","1,757.70","1,759.15","1,880.00","1,426.80",18997725,"33,41,98,75,202.00",374557
04-Apr-25,EQ,"1,813.00","1,841.95","1,811.10","1,794.85","1,816.80","1,817.30","1,824.22","1,880.00","1,426.80",16770227,"30,59,26,39,918.20",316416
03-Apr-25,EQ,"1,781.10","1,804.00","1,777.00","1,796.90","1,792.80","1,794.85","1,794.09","1,880.00","1,426.80",5625019,"10,09,18,17,304.10",147618
02-Apr-25,EQ,"1,770.70","1,799.20","1,770.70","1,767.85","1,798.90","1,796.90","1,791.24","1,880.00","1,426.80",5786782,"10,36,55,35,361.90",144509
01-Apr-25,EQ,"1,802.00","1,809.90","1,765.35","1,828.20","1,769.90","1,767.85","1,781.74","1,880.00","1,426.80",14255503,"25,39,96,32,617.35",409481
28-Mar-25,EQ,"1,829.00","1,836.00","1,805.85","1,825.35","1,825.50","1,828.20","1,821.88","1,880.00","1,421.25",14386824,"26,21,10,31,845.90",276619
27-Mar-25,EQ,"1,800.00","1,841.00","1,798.10","1,806.55","1,821.20","1,825.35","1,827.55","1,880.00","1,421.25",20829050,"38,06,61,30,418.30",416415
26-Mar-25,EQ,"1,825.00","1,827.50","1,802.00","1,821.45","1,803.00","1,806.55","1,814.11","1,880.00","1,421.25",12239221,"22,20,33,11,052.10",265431
25-Mar-25,EQ,"1,804.90","1,843.70","1,801.50","1,800.00","1,816.00","1,821.45","1,825.84","1,880.00","1,421.25",19550708,"35,69,65,16,139.20",407401
24-Mar-25,EQ,"1,779.00","1,804.40","1,773.65","1,770.35","1,802.80","1,800.00","1,794.28","1,880.00","1,421.25",8696868,"15,60,46,55,158.80",286856
21-Mar-25,EQ,"1,755.55","1,774.10","1,755.55","1,768.75","1,772.50","1,770.35","1,766.98","1,880.00","1,421.25",16754132,"29,60,41,96,148.95",210244
20-Mar-25,EQ,"1,754.00","1,774.00","1,749.30","1,744.10","1,766.60","1,768.75","1,760.62","1,880.00","1,421.25",8916989,"15,69,93,98,473.15",218030
19-Mar-25,EQ,"1,735.00","1,751.00","1,732.20","1,732.20","1,743.95","1,744.10","1,743.72","1,880.00","1,421.25",7610703,"13,27,09,34,759.25",201878
18-Mar-25,EQ,"1,728.00","1,737.40","1,715.05","1,710.40","1,735.60","1,732.20","1,729.28","1,880.00","1,421.25",10953589,"18,94,17,85,563.70",248631
17-Mar-25,EQ,"1,705.00","1,724.00","1,705.00","1,706.60","1,710.50","1,710.40","1,711.13","1,880.00","1,421.25",9475957,"16,21,46,35,449.55",365060
13-Mar-25,EQ,"1,716.05","1,720.80","1,700.05","1,711.15","1,705.00","1,706.60","1,711.11","1,880.00","1,421.25",7868132,"13,46,32,15,400.70",185351
12-Mar-25,EQ,"1,691.55","1,718.50","1,691.55","1,685.50","1,711.80","1,711.15","1,710.44","1,880.00","1,421.25",9392053,"16,06,45,64,334.10",277146
11-Mar-25,EQ,"1,682.40","1,694.00","1,670.05","1,687.50","1,687.90","1,685.50","1,685.65","1,880.00","1,421.25",9949215,"16,77,09,18,814.65",272484
10-Mar-25,EQ,"1,689.00","1,699.90","1,683.05","1,689.25","1,688.70","1,687.50","1,689.67","1,880.00","1,421.25",7802025,"13,18,28,46,005.05",284969
07-Mar-25,EQ,"1,682.00","1,701.15","1,677.60","1,691.20","1,688.00","1,689.25","1,690.66","1,880.00","1,421.25",6686457,"11,30,45,55,576.90",191461
06-Mar-25,EQ,"1,687.00","1,699.90","1,672.25","1,690.00","1,692.40","1,691.20","1,686.14","1,880.00","1,421.25",16483044,"27,79,26,85,275.85",399697
05-Mar-25,EQ,"1,701.95","1,710.80","1,688.25","1,710.00","1,692.10","1,690.00","1,695.97","1,880.00","1,421.25",10791936,"18,30,27,95,483.00",361183
04-Mar-25,EQ,"1,698.00","1,714.30","1,693.25","1,701.55","1,711.30","1,710.00","1,706.30","1,880.00","1,421.25",9960479,"16,99,55,92,810.65",323741
03-Mar-25,EQ,"1,739.80","1,743.05","1,694.10","1,732.40","1,703.55","1,701.55","1,709.27","1,880.00","1,421.25",10602682,"18,12,28,15,702.35",298350
28-Feb-25,EQ,"1,685.00","1,737.25","1,685.00","1,700.70","1,730.15","1,732.40","1,721.14","1,880.00","1,397.30",27258364,"46,91,55,54,649.05",439035
27-Feb-25,EQ,"1,682.55","1,710.75","1,682.55","1,682.35","1,698.25","1,700.70","1,701.04","1,880.00","1,397.30",17893400,"30,43,73,23,745.00",333728
25-Feb-25,EQ,"1,671.10","1,688.00","1,671.10","1,677.10","1,680.85","1,682.35","1,681.80","1,880.00","1,397.30",12069354,"20,29,82,55,600.95",222521
24-Feb-25,EQ,"1,681.10","1,684.20","1,661.10","1,692.50","1,677.00","1,677.10","1,672.34","1,880.00","1,397.30",10346823,"17,30,34,02,535.10",245559
